{"cameraMode":{"drawMode":0,"name":"Shaded","section":"Shading Mode"},"sceneLighting":false,"audioPlay":false,"sceneViewState":{"m_AlwaysRefresh":false,"showFog":true,"showSkybox":true,"showFlares":true,"showImageEffects":true,"showParticleSystems":true,"showVisualEffectGraphs":true,"m_FxEnabled":true},"in2DMode":false,"pivot":{"x":-17.040000915527345,"y":0.3500000238418579,"z":14.899999618530274},"rotation":{"x":-0.01993214152753353,"y":0.942741334438324,"z":-0.3279867470264435,"w":-0.057293981313705447},"size":1.1277904510498047,"orthographic":false}