{"cameraMode":{"drawMode":0,"name":"Shaded","section":"Shading Mode"},"sceneLighting":true,"audioPlay":false,"sceneViewState":{"m_AlwaysRefresh":false,"showFog":true,"showSkybox":true,"showFlares":true,"showImageEffects":true,"showParticleSystems":true,"showVisualEffectGraphs":true,"m_FxEnabled":true},"in2DMode":false,"pivot":{"x":19.92809295654297,"y":-13.505233764648438,"z":11.058282852172852},"rotation":{"x":-0.01855531521141529,"y":0.9264817833900452,"z":-0.3730705678462982,"w":-0.046083658933639529},"size":54.51317596435547,"orthographic":false}